{
  "accountAssociation": {
    "header": "eyJmaWQiOjEsInR5cGUiOiJjdXN0b2R5Iiwia2V5IjoiMHhkNDJmZDJjOGI0ZGY5NzNkNzgxN2Y4YWE4YzI5ZGY5ZjU5ZGY5ZjU5In0",
    "payload": "eyJkb21haW4iOiJleGFtcGxlLmNvbSJ9",
    "signature": "MHg..."
  },
  "frame": {
    "version": "1",
    "name": "DEGEN Spin Game",
    "iconUrl": "https://your-domain.vercel.app/icon.png",
    "homeUrl": "https://your-domain.vercel.app",
    "imageUrl": "https://your-domain.vercel.app/preview.png",
    "buttonTitle": "Play Spin Game",
    "splashImageUrl": "https://your-domain.vercel.app/splash.png",
    "splashBackgroundColor": "#1e40af",
    "webhookUrl": "https://your-domain.vercel.app/api/webhook"
  }
}
